fips,pop2024
01001,61464
01003,261608
01005,24358
01007,22258
01009,60163
01011,9901
01013,18256
01015,116427
01017,33813
01019,26138
01021,47262
01023,12052
01025,22142
01027,14239
01029,15905
01031,56358
01033,58785
01035,11109
01037,10291
01039,37748
01041,13114
01043,92604
01045,50067
01047,35545
01049,73122
01051,91042
01053,36630
01055,103207
01057,15863
01059,31874
01061,27259
01063,7127
01065,15116
01067,18141
01069,109366
01071,53780
01073,664744
01075,13543
01077,97502
01079,33567
01081,187847
01083,118942
01085,9485
01087,18159
01089,423355
01091,18512
01093,29323
01095,102156
01097,412339
01099,19057
01101,225894
01103,126084
01105,7719
01107,18508
01109,33124
01111,23067
01113,58837
01115,96927
01117,235969
01119,11607
01121,81375
01123,40699
01125,241212
01127,65260
01129,15018
01131,9865
01133,23869
02013,3632
02016,5424
02020,289600
02050,18237
02060,884
02063,6604
02066,2631
02068,1621
02070,4642
02090,94951
02100,2104
02105,2312
02110,31572
02122,61259
02130,13677
02150,12654
02158,7946
02164,1315
02170,117613
02180,9836
02185,10663
02188,7134
02195,3436
02198,5746
02220,8355
02230,1119
02240,7313
02275,2064
02282,690
02290,5099
04001,64800
04003,125773
04005,145161
04007,54073
04009,40242
04011,9410
04012,16992
04013,4673096
04015,226479
04017,109516
04019,1080149
04021,513862
04023,50508
04025,252013
04027,220310
05001,16050
05003,17984
05005,43007
05007,321566
05009,38636
05011,9935
05013,4690
05015,28968
05017,9272
05019,20920
05021,14112
05023,25646
05025,7367
05027,22024
05029,21422
05031,115852
05033,62258
05035,46633
05037,16194
05039,6076
05041,10321
05043,16935
05045,131611
05047,17586
05049,12546
05051,99902
05053,18546
05055,46928
05057,19105
05059,33313
05061,12387
05063,38345
05065,14291
05067,16673
05069,63672
05071,26172
05073,6015
05075,16305
05077,8104
05079,12868
05081,11626
05083,21457
05085,76389
05087,17865
05089,17593
05091,41958
05093,38095
05095,6415
05097,8510
05099,8004
05101,7026
05103,21684
05105,10251
05107,14661
05109,10027
05111,22300
05113,19434
05115,64829
05117,7935
05119,401209
05121,19040
05123,21822
05125,131252
05127,9837
05129,7836
05131,130035
05133,15735
05135,18130
05137,12785
05139,37008
05141,16152
05143,266184
05145,79091
05147,5808
05149,20134
06001,1649060
06003,1099
06005,42026
06007,208334
06009,46505
06011,22074
06013,1172607
06015,27009
06017,192823
06019,1024125
06021,28304
06023,132380
06025,181724
06027,18485
06029,922529
06031,154913
06033,67764
06035,28340
06037,9757179
06039,165432
06041,256400
06043,17048
06045,89175
06047,296774
06049,8491
06051,12991
06053,436251
06055,132727
06057,102195
06059,3170435
06061,433822
06063,18834
06065,2529933
06067,1611231
06069,69159
06071,2214281
06073,3298799
06075,827526
06077,816108
06079,281843
06081,742893
06083,444500
06085,1926325
06087,262406
06089,181121
06091,3113
06093,42498
06095,455101
06097,485375
06099,556972
06101,98545
06103,64451
06105,15642
06107,483546
06109,53893
06111,835427
06113,225251
06115,87469
08001,542973
08003,16689
08005,666918
08007,14112
08009,3367
08011,5779
08013,330262
08014,78323
08015,20780
08017,1712
08019,9076
08021,7549
08023,3686
08025,5600
08027,5553
08029,32215
08031,729019
08033,2467
08035,393995
08037,54330
08039,29382
08041,752772
08043,50093
08045,63167
08047,5963
08049,16154
08051,17310
08053,747
08055,6988
08057,1273
08059,578533
08061,1392
08063,7080
08065,7369
08067,56823
08069,374574
08071,14518
08073,5598
08075,20755
08077,161260
08079,933
08081,13142
08083,26841
08085,44806
08087,30300
08089,17991
08091,5197
08093,18316
08095,4488
08097,16643
08099,11957
08101,169866
08103,6607
08105,11132
08107,25243
08109,6670
08111,821
08113,7819
08115,2257
08117,30882
08119,24862
08121,4771
08123,369745
08125,10048
09110,991508
09120,335666
09130,177540
09140,462220
09150,97701
09160,114101
09170,576718
09180,282602
09190,637013
10001,192690
10003,588093
10005,271134
11001,702250
12001,291782
12003,29325
12005,199718
12007,28075
12009,658447
12011,2037472
12013,13278
12015,212122
12017,170174
12019,236760
12021,416233
12023,73977
12027,36744
12029,17614
12031,1055159
12033,331275
12035,136744
12037,12979
12039,44151
12041,20233
12043,13132
12045,15876
12047,14334
12049,26068
12051,46130
12053,218150
12055,109778
12057,1581426
12059,19876
12061,172139
12063,49980
12065,15921
12067,8640
12069,444204
12071,860959
12073,300488
12075,47765
12077,7955
12079,18364
12081,458352
12083,428905
12085,165666
12086,2838461
12087,80908
12089,104376
12091,220483
12093,42369
12095,1533646
12097,468058
12099,1582055
12101,659114
12103,965870
12105,852878
12107,77301
12109,334928
12111,390670
12113,207653
12115,476604
12117,494605
12119,154693
12121,47536
12123,21843
12125,15738
12127,602772
12129,37115
12131,89666
12133,26503
13001,18669
13003,8435
13005,11045
13007,2732
13009,43644
13011,20318
13013,96294
13015,117508
13017,16945
13019,18666
13021,157056
13023,12626
13025,18795
13027,16344
13029,51105
13031,85454
13033,24472
13035,27127
13037,5441
13039,59099
13043,11130
13045,129911
13047,68940
13049,13021
13051,307336
13053,8548
13055,25306
13057,293513
13059,129995
13061,2815
13063,297703
13065,6871
13067,787538
13069,43851
13071,46977
13073,167472
13075,17984
13077,158233
13079,12349
13081,19468
13083,16068
13085,33748
13087,29391
13089,770307
13091,19630
13093,11186
13095,82418
13097,151887
13099,10444
13101,3698
13103,73148
13105,20152
13107,23224
13109,10869
13111,25854
13113,125107
13115,101390
13117,280096
13119,25208
13121,1090354
13123,33327
13125,3008
13127,86540
13129,60765
13131,26271
13133,21091
13135,1003869
13137,49665
13139,221745
13141,8683
13143,32404
13145,36929
13147,28052
13149,12119
13151,259315
13153,174897
13155,9155
13157,93825
13159,17219
13161,15119
13163,15019
13165,8836
13167,9178
13169,29047
13171,20690
13173,10464
13175,50287
13177,34073
13179,68607
13181,8049
13183,20439
13185,122082
13187,36016
13189,21764
13191,11800
13193,11831
13195,32771
13197,7635
13199,21439
13201,5824
13205,20329
13207,31437
13209,8566
13211,21940
13213,41316
13215,201830
13217,124010
13219,44751
13221,16172
13223,188549
13225,29213
13227,36580
13229,20669
13231,20669
13233,44610
13235,10180
13237,23383
13239,2323
13241,17711
13243,6085
13245,206303
13247,97610
13249,4503
13251,14325
13253,9274
13255,70292
13257,27498
13259,4809
13261,28972
13263,5755
13265,1620
13267,24275
13269,7783
13271,11000
13273,8698
13275,46054
13277,41708
13279,27488
13281,13184
13283,6420
13285,71513
13287,9023
13289,7728
13291,27601
13293,28358
13295,69340
13297,109792
13299,36222
13301,5148
13303,19834
13305,32132
13307,2315
13309,7076
13311,29668
13313,105070
13315,8904
13317,9567
13319,8667
13321,20262
15001,209790
15003,998747
15005,81
15007,73840
15009,163688
16001,535799
16003,4998
16005,91010
16007,6779
16009,10529
16011,50889
16013,25261
16015,8581
16017,53955
16019,133644
16021,14040
16023,2735
16025,1247
16027,266892
16029,7239
16031,25976
16033,794
16035,9151
16037,4597
16039,29729
16041,15638
16043,14399
16045,21857
16047,16189
16049,17912
16051,34854
16053,26056
16055,188323
16057,42180
16059,8397
16061,3728
16063,5556
16065,55549
16067,22691
16069,42847
16071,4976
16073,12748
16075,27662
16077,8381
16079,14074
16081,12932
16083,96509
16085,12777
16087,11539
17001,64109
17003,4594
17005,16576
17007,53313
17009,6307
17011,32486
17013,4224
17015,15444
17017,12713
17019,212374
17021,33247
17023,15076
17025,12821
17027,37087
17029,46423
17031,5182617
17033,18388
17035,10305
17037,101335
17039,15319
17041,19824
17043,937142
17045,16398
17047,5984
17049,34602
17051,21157
17053,13451
17055,37033
17057,32510
17059,4690
17061,11417
17063,53835
17065,7818
17067,17008
17069,3550
17071,6048
17073,48177
17075,26067
17077,53199
17079,9092
17081,36107
17083,21150
17085,21528
17087,13320
17089,520997
17091,106410
17093,143171
17095,48716
17097,718604
17099,108390
17101,14801
17103,33544
17105,35375
17107,27518
17109,26662
17111,315959
17113,172069
17115,100737
17117,43895
17119,263017
17121,36437
17123,11552
17125,12543
17127,13627
17129,11963
17131,15292
17133,34969
17135,27615
17137,32618
17139,14365
17141,51345
17143,179630
17145,20272
17147,16628
17149,14258
17151,3703
17153,4879
17155,5633
17157,29903
17159,15362
17161,142731
17163,251149
17165,22826
17167,194345
17169,6750
17171,4880
17173,20542
17175,5272
17177,43088
17179,129821
17181,16886
17183,71106
17185,10979
17187,16217
17189,13535
17191,15928
17193,13395
17195,54657
17197,708583
17199,67064
17201,283790
17203,38290
18001,36584
18003,399295
18005,84741
18007,8853
18009,11816
18011,78773
18013,15650
18015,20747
18017,37559
18019,127479
18021,26424
18023,32895
18025,10523
18027,34097
18029,51435
18031,26421
18033,44330
18035,112951
18037,43629
18039,207436
18041,23335
18043,81931
18045,16833
18047,23136
18049,20004
18051,33038
18053,66458
18055,31219
18057,379704
18059,88810
18061,39978
18063,190629
18065,49081
18067,84082
18069,36944
18071,47420
18073,33387
18075,20164
18077,32921
18079,27634
18081,170614
18083,35872
18085,80669
18087,41122
18089,502955
18091,111348
18093,45192
18095,134222
18097,981628
18099,46464
18101,9864
18103,35613
18105,140702
18107,38633
18109,73825
18111,14131
18113,47811
18115,5996
18117,19824
18119,21851
18121,16508
18123,19320
18125,12116
18127,175860
18129,25067
18131,12421
18133,37804
18135,24337
18137,29214
18139,16759
18141,273744
18143,24751
18145,45654
18147,20192
18149,23463
18151,34862
18153,20768
18155,9988
18157,191650
18159,15324
18161,6884
18163,180387
18165,15516
18167,106166
18169,30777
18171,8451
18173,66339
18175,28345
18177,66410
18179,28798
18181,24833
18183,34885
19001,7431
19003,3606
19005,14184
19007,12106
19009,5562
19011,25799
19013,132348
19015,26729
19017,25328
19019,20733
19021,20816
19023,14156
19025,9711
19027,20407
19029,13024
19031,18231
19033,42493
19035,11658
19037,11719
19039,9524
19041,16474
19043,16931
19045,46015
19047,16378
19049,115343
19051,9193
19053,7656
19055,17609
19057,38411
19059,18158
19061,99242
19063,9162
19065,19152
19067,15008
19069,10024
19071,6494
19073,8662
19075,12405
19077,10774
19079,14856
19081,10616
19083,16464
19085,14626
19087,19361
19089,9360
19091,9617
19093,6810
19095,16423
19097,19390
19099,38107
19101,15781
19103,160080
19105,21116
19107,9855
19109,14408
19111,32376
19113,231762
19115,10630
19117,8758
19119,12378
19121,17161
19123,22034
19125,34048
19127,40392
19129,14717
19131,10632
19133,8429
19135,7373
19137,10063
19139,42132
19141,14260
19143,6036
19145,15038
19147,8809
19149,25825
19151,7006
19153,516185
19155,93529
19157,18454
19159,4608
19161,9533
19163,175601
19165,11821
19167,36554
19169,102498
19171,16738
19173,5825
19175,11955
19177,7217
19179,35681
19181,56343
19183,22631
19185,6622
19187,36909
19189,10383
19191,19723
19193,107257
19195,7307
19197,12729
20001,12425
20003,7908
20005,16249
20007,4070
20009,24835
20011,14424
20013,9142
20015,69158
20017,2507
20019,3339
20021,19133
20023,2646
20025,1873
20027,7969
20029,8723
20031,8301
20033,1694
20035,34186
20037,38904
20039,2716
20041,18621
20043,7575
20045,121989
20047,2731
20049,2436
20051,29007
20053,6316
20055,38354
20057,34072
20059,26273
20061,35459
20063,2658
20065,2370
20067,7097
20069,5730
20071,1152
20073,5871
20075,2488
20077,5413
20079,33642
20081,3591
20083,1673
20085,13525
20087,18332
20089,2899
20091,632276
20093,3808
20095,6946
20097,2436
20099,19692
20101,1482
20103,84670
20105,2928
20107,9841
20109,2694
20111,32520
20113,30334
20115,11670
20117,9950
20119,3892
20121,35737
20123,5803
20125,30459
20127,5279
20129,2485
20131,10062
20133,15552
20135,2617
20137,5335
20139,15737
20141,3353
20143,5853
20145,6012
20147,4733
20149,26876
20151,9137
20153,2432
20155,61417
20157,4613
20159,9284
20161,72557
20163,4748
20165,2810
20167,6620
20169,53459
20171,4914
20173,536081
20175,21276
20177,177942
20179,2397
20181,5796
20183,3541
20185,3901
20187,2071
20189,5035
20191,22336
20193,7802
20195,2774
20197,7112
20199,1472
20201,5572
20203,2072
20205,8398
20207,3111
20209,169418
21001,19239
21003,22037
21005,24883
21007,7626
21009,45609
21011,12951
21013,23051
21015,144135
21017,20333
21019,47777
21021,31394
21023,8497
21025,12804
21027,21221
21029,85802
21031,12551
21033,12611
21035,38975
21037,94008
21039,4777
21041,11111
21043,26098
21045,15948
21047,71006
21049,37673
21051,19592
21053,9183
21055,8982
21057,6047
21059,104457
21061,12635
21063,7263
21065,14002
21067,329437
21069,15591
21071,34532
21073,52442
21075,6282
21077,8805
21079,18040
21081,25722
21083,36821
21085,27070
21087,11552
21089,35273
21091,9013
21093,112826
21095,25052
21097,19525
21099,19923
21101,44175
21103,16198
21105,4393
21107,45218
21109,13358
21111,793881
21113,56495
21115,22098
21117,174862
21119,13438
21121,29657
21123,15128
21125,63353
21127,15798
21129,7313
21131,9729
21133,20139
21135,12875
21137,24910
21139,8815
21141,28467
21143,9078
21145,67550
21147,16824
21149,9126
21151,99582
21153,11118
21155,19851
21157,31734
21159,10696
21161,16956
21163,30442
21165,6341
21167,23515
21169,10558
21171,11163
21173,28771
21175,14300
21177,30512
21179,48706
21181,7816
21183,23933
21185,70525
21187,11435
21189,3928
21191,14844
21193,26739
21195,55430
21197,12928
21199,66842
21201,2382
21203,16226
21205,24675
21207,18458
21209,61700
21211,50124
21213,20350
21215,20823
21217,26809
21219,12757
21221,14559
21223,8591
21225,13178
21227,147936
21229,12269
21231,19629
21233,12854
21235,37233
21237,6364
21239,27728
22001,56604
22003,22501
22005,133534
22007,20050
22009,38373
22011,36695
22013,12412
22015,131102
22017,224893
22019,206861
22021,9393
22023,4678
22025,8280
22027,13537
22029,17797
22031,27274
22033,453022
22035,6892
22037,19112
22039,31745
22041,19107
22043,22109
22045,67540
22047,29766
22049,14797
22051,427253
22053,31436
22055,254241
22057,95342
22059,14702
22061,48243
22063,152886
22065,9093
22067,23787
22069,35982
22071,362701
22073,157874
22075,22289
22077,19845
22079,125899
22081,7238
22083,19643
22085,21746
22087,44783
22089,50400
22091,10857
22093,19110
22095,39694
22097,80869
22099,51218
22101,46799
22103,277615
22105,139823
22107,3844
22109,103864
22111,20617
22113,57641
22115,45819
22117,45090
22119,35184
22121,28425
22123,9254
22125,15155
22127,13405
23001,115272
23003,66776
23005,313809
23007,30902
23009,56946
23011,128461
23013,40981
23015,36491
23017,60039
23019,156840
23021,17432
23023,37582
23025,51338
23027,40617
23029,31383
23031,220143
24001,67097
24003,602350
24005,852425
24009,94913
24011,34248
24013,177108
24015,106305
24017,174478
24019,33138
24021,299317
24023,28393
24025,265514
24027,339668
24029,19557
24031,1082273
24033,966629
24035,53688
24037,116469
24039,25241
24041,38244
24043,157228
24045,106329
24047,54337
24510,568271
25001,232570
25003,128726
25005,588593
25007,21061
25009,823938
25011,70871
25013,464151
25015,165399
25017,1668956
25019,14670
25021,740754
25023,542090
25025,793144
25027,881248
26001,10624
26003,8695
26005,122429
26007,28903
26009,24536
26011,15087
26013,8169
26015,64025
26017,102651
26019,18520
26021,152703
26023,46187
26025,133785
26027,51550
26029,26105
26031,25964
26033,36253
26035,31405
26037,80050
26039,13599
26041,36687
26043,25995
26045,109494
26047,33949
26049,402279
26051,25995
26053,14217
26055,96625
26057,41372
26059,45590
26061,38041
26063,30780
26065,290427
26067,66250
26069,25361
26071,11709
26073,65072
26075,160233
26077,264780
26079,18618
26081,673002
26083,2161
26085,13005
26087,89168
26089,22871
26091,97746
26093,196976
26095,6328
26097,11144
26099,886175
26101,25519
26103,67979
26105,29093
26107,41947
26109,23050
26111,84022
26113,15239
26115,156045
26117,69314
26119,9828
26121,177428
26123,51504
26125,1296888
26127,27014
26129,20985
26131,5824
26133,23484
26135,8596
26137,26083
26139,306235
26141,13230
26143,23932
26145,187714
26147,160308
26149,61171
26151,40293
26153,8178
26155,67982
26157,52757
26159,76129
26161,373875
26163,1771063
26165,34460
27001,16335
27003,376840
27005,35444
27007,46762
27009,41881
27011,5067
27013,70700
27015,25710
27017,36745
27019,112628
27021,31442
27023,12299
27025,59105
27027,66848
27029,8630
27031,5571
27033,11338
27035,68642
27037,453156
27039,21242
27041,39933
27043,13886
27045,21502
27047,30314
27049,47982
27051,6109
27053,1273334
27055,18352
27057,22050
27059,43687
27061,45442
27063,9861
27065,16608
27067,44674
27069,3992
27071,11594
27073,6636
27075,10698
27077,3797
27079,29458
27081,5564
27083,25577
27085,36780
27087,5296
27089,8771
27091,19561
27093,23491
27095,27577
27097,34520
27099,40900
27101,8044
27103,34493
27105,21969
27107,6284
27109,166424
27111,60884
27113,13652
27115,30319
27117,9100
27119,30413
27121,11495
27123,542015
27125,3882
27127,15254
27129,14453
27131,69025
27133,9525
27135,15265
27137,200794
27139,157206
27141,103059
27143,15194
27145,163997
27147,37434
27149,9819
27151,9666
27153,25955
27155,3134
27157,21574
27159,14437
27161,18684
27163,283960
27165,11204
27167,6268
27169,49973
27171,154593
27173,9373
28001,28674
28003,34228
28005,12451
28007,17222
28009,7566
28011,28395
28013,12754
28015,9378
28017,16774
28019,8091
28021,8122
28023,15155
28025,18213
28027,20105
28029,27536
28031,18015
28033,195871
28035,78435
28037,7516
28039,25880
28041,13675
28043,20931
28045,46492
28047,213730
28049,211975
28051,15560
28053,7121
28055,1295
28057,24198
28059,147002
28061,15799
28063,6900
28065,11059
28067,65837
28069,8562
28071,59843
28073,66734
28075,70588
28077,11672
28079,21462
28081,83012
28083,26157
28085,34956
28087,57210
28089,114247
28091,24008
28093,34374
28095,33483
28097,9411
28099,28973
28101,21063
28103,9825
28105,51965
28107,32764
28109,59030
28111,11406
28113,38980
28115,32014
28117,25489
28119,5542
28121,160573
28123,27666
28125,3234
28127,25597
28129,14051
28131,19569
28133,23029
28135,10921
28137,28551
28139,21423
28141,18553
28143,9157
28145,28363
28147,13839
28149,42105
28151,41181
28153,19749
28155,10039
28157,7820
28159,17418
28161,12458
28163,23024
29001,25660
29003,18091
29005,5139
29007,24304
29009,35618
29011,11717
29013,16394
29015,20614
29017,10610
29019,192154
29021,83574
29023,41814
29025,9000
29027,45126
29029,44135
29031,83658
29033,8414
29035,5359
29037,113873
29039,15023
29041,7397
29043,96045
29045,6623
29047,263370
29049,21721
29051,77625
29053,17122
29055,22808
29057,7622
29059,17877
29061,8541
29063,9884
29065,14721
29067,12290
29069,27002
29071,107256
29073,14655
29075,6298
29077,307942
29079,9766
29081,8186
29083,22575
29085,8766
29087,4241
29089,10150
29091,40762
29093,9420
29095,727362
29097,126479
29099,231888
29101,55880
29103,3740
29105,36738
29107,33511
29109,39151
29111,9852
29113,65888
29115,11910
29117,14658
29119,24054
29121,15177
29123,12852
29125,8506
29127,28425
29129,3452
29131,25668
29133,11750
29135,15294
29137,8890
29139,11511
29141,22399
29143,15212
29145,61519
29147,20503
29149,8699
29151,13478
29153,9090
29155,14407
29157,19100
29159,43791
29161,45672
29163,17961
29165,113207
29167,33070
29169,53964
29171,4539
29173,10499
29175,24077
29177,23199
29179,5927
29181,10715
29183,423726
29185,9848
29186,18546
29187,67503
29189,992929
29195,23325
29197,4069
29199,4698
29201,37957
29203,7275
29205,5926
29207,28438
29209,32630
29211,5750
29213,56744
29215,25715
29217,19787
29219,38478
29221,23583
29223,10820
29225,42041
29227,1872
29229,19505
29510,279695
30001,10006
30003,12796
30005,6903
30007,8302
30009,11498
30011,1399
30013,84523
30015,5880
30017,11964
30019,1625
30021,8731
30023,9811
30025,2946
30027,11862
30029,114527
30031,126984
30033,1181
30035,13503
30037,863
30039,3602
30041,16065
30043,13304
30045,2111
30047,33403
30049,75129
30051,1934
30053,22184
30055,1717
30057,9753
30059,2065
30061,5195
30063,122546
30065,5452
30067,18074
30069,525
30071,4214
30073,6078
30075,1734
30077,7120
30079,1112
30081,48187
30083,11028
30085,10197
30087,8194
30089,13895
30091,3448
30093,36134
30095,9450
30097,3757
30099,6444
30101,5153
30103,739
30105,7434
30107,2058
30109,911
30111,171583
31001,31196
31003,6358
31005,423
31007,665
31009,454
31011,5354
31013,10703
31015,1700
31017,2877
31019,51156
31021,6727
31023,8439
31025,27492
31027,8262
31029,3764
31031,5558
31033,9602
31035,6103
31037,10826
31039,8952
31041,10487
31043,21335
31045,8003
31047,24554
31049,1892
31051,5526
31053,37884
31055,601158
31057,1581
31059,5512
31061,2817
31063,2536
31065,4468
31067,21687
31069,1804
31071,1707
31073,1808
31075,573
31077,2197
31079,62869
31081,9564
31083,3018
31085,846
31087,2460
31089,10120
31091,698
31093,6572
31095,7136
31097,5219
31099,6749
31101,8148
31103,819
31105,3305
31107,8306
31109,332857
31111,33319
31113,694
31115,582
31117,376
31119,35579
31121,7837
31123,4485
31125,3262
31127,7046
31129,4094
31131,16591
31133,2521
31135,2779
31137,9042
31139,7334
31141,35499
31143,5269
31145,10409
31147,7666
31149,1241
31151,14740
31153,204828
31155,23406
31157,35734
31159,17769
31161,4927
31163,2949
31165,1099
31167,5756
31169,4870
31171,634
31173,6637
31175,4032
31177,21254
31179,9870
31181,3326
31183,808
31185,14375
32001,26033
32003,2398871
32005,49564
32007,54363
32009,720
32011,1877
32013,17116
32015,5785
32017,4345
32019,63718
32021,4475
32023,55990
32027,6536
32029,4112
32031,507280
32033,8534
32510,58148
33001,65257
33003,52580
33005,78078
33007,31094
33009,93045
33011,430462
33013,157869
33015,322433
33017,134202
33019,44012
34001,279114
34003,978641
34005,475515
34007,533988
34009,93875
34011,155678
34013,881527
34015,311783
34017,736185
34019,131708
34021,392138
34023,890119
34025,647520
34027,523053
34029,666434
34031,526597
34033,65874
34035,357467
34037,147444
34039,594160
34041,112031
35001,671747
35003,3795
35005,63697
35006,26686
35007,12307
35009,47156
35011,1657
35013,229366
35015,61436
35017,27541
35019,4385
35021,635
35023,3966
35025,75151
35027,20025
35028,19675
35029,25878
35031,68945
35033,4096
35035,69711
35037,8403
35039,39955
35041,18713
35043,157757
35045,120817
35047,26428
35049,157765
35051,11389
35053,15967
35055,34482
35057,15986
35059,3926
35061,80813
36001,319964
36003,47299
36005,1384724
36007,196397
36009,75475
36011,74567
36013,124105
36015,81115
36017,45776
36019,77871
36021,60299
36023,45945
36025,44191
36027,299963
36029,950602
36031,36744
36033,47086
36035,52073
36037,57604
36039,46903
36041,5082
36043,59585
36045,113140
36047,2617631
36049,26570
36051,61561
36053,67072
36055,752202
36057,49648
36059,1392438
36061,1660664
36063,209570
36065,228347
36067,469812
36069,113012
36071,411767
36073,39686
36075,118305
36077,60524
36079,98409
36081,2316841
36083,160749
36085,498212
36087,348144
36089,106198
36091,240360
36093,162261
36095,30151
36097,17121
36099,32650
36101,92015
36103,1535909
36105,80450
36107,47574
36109,105602
36111,182977
36113,65288
36115,59839
36117,90757
36119,1006447
36121,39588
36123,24387
37001,183040
37003,36693
37005,11379
37007,22432
37009,27266
37011,17811
37013,44576
37015,16939
37017,29777
37019,167112
37021,279210
37023,88545
37025,244925
37027,80739
37029,11184
37031,70259
37033,22363
37035,167054
37037,83874
37039,30373
37041,13891
37043,12042
37045,102194
37047,50054
37049,104167
37051,338430
37053,32278
37055,38183
37057,177809
37059,45383
37061,50539
37063,343628
37065,49124
37067,398143
37069,79771
37071,242010
37073,10299
37075,8179
37077,61544
37079,20671
37081,558816
37083,46992
37085,146096
37087,63048
37089,120771
37091,19169
37093,55382
37095,4583
37097,206361
37099,45281
37101,249794
37103,9462
37105,68537
37107,55332
37109,97611
37111,45269
37113,38717
37115,22352
37117,21523
37119,1206285
37121,15030
37123,26364
37125,108417
37127,97990
37129,243333
37131,16580
37133,212954
37135,152877
37137,12550
37139,41418
37141,70077
37143,13460
37145,40143
37147,180783
37149,20320
37151,148389
37153,41990
37155,118624
37157,93517
37159,153384
37161,65587
37163,60404
37165,33898
37167,67326
37169,45857
37171,71547
37173,13945
37175,34103
37177,3517
37179,263386
37181,42337
37183,1232444
37185,19081
37187,10654
37189,54997
37191,120338
37193,66186
37195,79958
37197,37995
37199,18993
38001,2141
38003,10798
38005,5756
38007,1063
38009,6391
38011,2886
38013,2154
38015,103107
38017,200945
38019,3567
38021,4930
38023,2124
38025,4031
38027,2309
38029,3209
38031,3323
38033,1795
38035,73771
38037,2247
38039,2227
38041,2419
38043,2371
38045,4051
38047,1880
38049,5135
38051,2461
38053,14782
38055,9845
38057,8348
38059,34194
38061,9474
38063,3007
38065,1882
38067,6588
38069,3853
38071,11510
38073,5590
38075,2376
38077,16658
38079,11692
38081,3710
38083,1268
38085,3713
38087,660
38089,33767
38091,1767
38093,21546
38095,2051
38097,7989
38099,10214
38101,68427
38103,3803
38105,40763
39001,27671
39003,100866
39005,52420
39007,96906
39009,63218
39011,45922
39013,64692
39015,44292
39017,399542
39019,26460
39021,38907
39023,134985
39025,214123
39027,42019
39029,99823
39031,37003
39033,41626
39035,1240594
39037,51462
39039,38644
39041,237966
39043,73841
39045,167762
39047,28782
39049,1356303
39051,42028
39053,28886
39055,95362
39057,172347
39059,38219
39061,837359
39063,75016
39065,30402
39067,14042
39069,27536
39071,43785
39073,27429
39075,44668
39077,58168
39079,32723
39081,63900
39083,63848
39085,232360
39087,55829
39089,184898
39091,46085
39093,322030
39095,426291
39097,45531
39099,225786
39101,64976
39103,184625
39105,21491
39107,42648
39109,111950
39111,13051
39113,537443
39115,13532
39117,35927
39119,86582
39121,14269
39123,39692
39125,18755
39127,35682
39129,62158
39131,27065
39133,163839
39135,40801
39137,34206
39139,124853
39141,76046
39143,58866
39145,71798
39147,54730
39149,47952
39151,374091
39153,538370
39155,200300
39157,92048
39159,71721
39161,28887
39163,12545
39165,256059
39167,58332
39169,116632
39171,36554
39173,133077
39175,21394
40001,19821
40003,5712
40005,14600
40007,5025
40009,22248
40011,8573
40013,50305
40015,26337
40017,181760
40019,49135
40021,48729
40023,14174
40025,2133
40027,303952
40029,5414
40031,121396
40033,5503
40035,14506
40037,73971
40039,28266
40041,41771
40043,4268
40045,3601
40047,62007
40049,26149
40051,58353
40053,4123
40055,5433
40057,2315
40059,3209
40061,11811
40063,13371
40065,24541
40067,5374
40069,10293
40071,43437
40073,15820
40075,8257
40077,9509
40079,49854
40081,34972
40083,53860
40085,10423
40087,48434
40089,30805
40091,19710
40093,7569
40095,16147
40097,40144
40099,13754
40101,66752
40103,10896
40105,9561
40107,11364
40109,816490
40111,37084
40113,46495
40115,30404
40117,16111
40119,84199
40121,43395
40123,38310
40125,74446
40127,10800
40129,3304
40131,101371
40133,23351
40135,40555
40137,44075
40139,20577
40141,6736
40143,693514
40145,91257
40147,54060
40149,10839
40151,8582
40153,19991
41001,16750
41003,98899
41005,425857
41007,41043
41009,54063
41011,64326
41013,27336
41015,22774
41017,211535
41019,112255
41021,1971
41023,7093
41025,7402
41027,23764
41029,221331
41031,25536
41033,88276
41035,70438
41037,8194
41039,382396
41041,51212
41043,132474
41045,32315
41047,352867
41049,12360
41051,795897
41053,90549
41055,2002
41057,27264
41059,80491
41061,26058
41063,7522
41065,26507
41067,611272
41069,1456
41071,110886
42001,107914
42003,1231814
42005,63679
42007,165540
42009,47643
42011,439117
42013,120269
42015,59699
42017,650131
42019,199341
42021,130108
42023,4348
42025,65743
42027,159805
42029,560745
42031,36855
42033,78132
42035,37865
42037,66012
42039,82089
42041,275516
42043,293029
42045,584882
42047,30124
42049,267750
42051,123941
42053,6601
42055,159285
42057,14452
42059,33960
42061,43359
42063,82953
42065,43367
42067,23395
42069,216859
42071,563293
42073,84233
42075,145319
42077,385655
42079,331379
42081,113236
42083,39478
42085,108140
42087,45935
42089,166523
42091,879190
42093,18115
42095,322989
42097,90027
42099,46816
42101,1573916
42103,62376
42105,15993
42107,144523
42109,39627
42111,72134
42113,5927
42115,38100
42117,40698
42119,42159
42121,49476
42123,37373
42125,210434
42127,51419
42129,350935
42131,25771
42133,471240
44001,50145
44003,172450
44005,83468
44007,675912
44009,130333
45001,24607
45003,179245
45005,7551
45007,217183
45009,12870
45011,20495
45013,201775
45015,264276
45017,14249
45019,431001
45021,57770
45023,32323
45025,44488
45027,31030
45029,39259
45031,62425
45033,27577
45035,174663
45037,29455
45039,20369
45041,138049
45043,66035
45045,570745
45047,70041
45049,18172
45051,413391
45053,35618
45055,71698
45057,111652
45059,70545
45061,15958
45063,313774
45065,9983
45067,28368
45069,25498
45071,39203
45073,82475
45075,83129
45077,138207
45079,430651
45081,19452
45083,369256
45085,104776
45087,26678
45089,29865
45091,303001
46003,2752
46005,19459
46007,3289
46009,7071
46011,36359
46013,37495
46015,5261
46017,1825
46019,10891
46021,1342
46023,9343
46025,3974
46027,15245
46029,29278
46031,3747
46033,9330
46035,19907
46037,5408
46039,4335
46041,5322
46043,2849
46045,4027
46047,7359
46049,2136
46051,7618
46053,4110
46055,1834
46057,6596
46059,3097
46061,3477
46063,1325
46065,17526
46067,7416
46069,1215
46071,2737
46073,1689
46075,874
46077,5261
46079,11006
46081,28809
46083,75244
46085,3721
46087,5771
46089,2307
46091,4395
46093,30918
46095,1834
46097,2303
46099,208639
46101,6529
46102,13360
46103,115979
46105,2832
46107,2402
46109,10283
46111,2392
46115,6108
46117,3015
46119,1468
46121,9172
46123,5717
46125,9087
46127,17402
46129,5270
46135,23509
46137,2418
47001,81449
47003,54228
47005,16173
47007,15591
47009,142211
47011,113782
47013,40238
47015,15142
47017,29107
47019,57434
47021,42604
47023,17876
47025,33070
47027,7857
47029,37596
47031,61285
47033,13973
47035,65618
47037,729505
47039,11800
47041,21747
47043,57641
47045,36403
47047,44476
47049,20129
47051,45137
47053,51422
47055,30971
47057,25073
47059,73398
47061,14148
47063,67715
47065,386256
47067,7038
47069,25434
47071,27617
47073,59371
47075,17097
47077,28183
47079,32883
47081,25859
47083,8538
47085,19554
47087,12376
47089,59217
47091,18506
47093,506748
47095,6422
47097,24630
47099,46467
47101,13418
47103,36751
47105,62129
47107,56754
47109,26103
47111,27189
47113,100409
47115,29826
47117,37847
47119,113411
47121,13937
47123,49154
47125,246025
47127,6773
47129,21954
47131,30261
47133,23551
47135,8987
47137,5108
47139,18338
47141,84894
47143,34759
47145,56742
47147,78459
47149,376996
47151,22517
47153,17620
47155,100184
47157,910530
47159,20783
47161,14365
47163,162703
47165,211721
47167,62187
47169,12159
47171,17872
47173,21064
47175,6686
47177,43619
47179,139642
47181,15974
47183,33162
47185,29108
47187,269136
47189,169948
48001,59512
48003,18923
48005,88094
48007,25595
48009,9155
48011,1809
48013,52783
48015,32546
48017,7031
48019,22830
48021,114931
48023,3533
48025,31226
48027,399578
48029,2127737
48031,13358
48033,557
48035,19013
48037,91992
48039,413224
48041,249624
48043,9508
48045,1494
48047,6740
48049,38631
48051,20179
48053,55722
48055,52430
48057,19942
48059,14615
48061,431874
48063,13164
48065,5822
48067,28622
48069,7380
48071,56179
48073,53223
48075,6679
48077,10730
48079,2583
48081,3396
48083,7990
48085,1254658
48087,2611
48089,21475
48091,201628
48093,14359
48095,3326
48097,44258
48099,86370
48101,1263
48103,4594
48105,2799
48107,5030
48109,2254
48111,7526
48113,2656028
48115,11758
48117,18495
48119,5647
48121,1045120
48123,20252
48125,1725
48127,8181
48129,3193
48131,9585
48133,18290
48135,170022
48137,1383
48139,232387
48141,875784
48143,44496
48145,17752
48147,38650
48149,25488
48151,3665
48153,5042
48155,1053
48157,958434
48159,10912
48161,20645
48163,19520
48165,22892
48167,367407
48169,4645
48171,28159
48173,1153
48175,7221
48177,20040
48179,20888
48181,150532
48183,126679
48185,33448
48187,195166
48189,31953
48191,2828
48193,8644
48195,5006
48197,3417
48199,58670
48201,5009302
48203,71370
48205,4996
48207,5435
48209,292029
48211,3134
48213,87467
48215,914820
48217,38771
48219,21505
48221,69126
48223,38784
48225,22197
48227,30833
48229,3608
48231,118729
48233,19721
48235,1526
48237,9398
48239,15284
48241,32907
48243,1778
48245,253948
48247,4583
48249,38886
48251,210547
48253,20850
48255,15137
48257,197829
48259,51828
48261,330
48263,703
48265,53900
48267,4401
48269,215
48271,3191
48273,30442
48275,3255
48277,51249
48279,12687
48281,23539
48283,6679
48285,20605
48287,18451
48289,16698
48291,115042
48293,22569
48295,2880
48297,11967
48299,23163
48301,48
48303,327394
48305,5952
48307,7448
48309,270358
48311,565
48313,13877
48315,9704
48317,5179
48319,3987
48321,36391
48323,58829
48325,55619
48327,1911
48329,183587
48331,26159
48333,4563
48335,8968
48337,21890
48339,749613
48341,21872
48343,12184
48345,1015
48347,65728
48349,56533
48351,11908
48353,14182
48355,353125
48357,9717
48359,1823
48361,86115
48363,30231
48365,23022
48367,179707
48369,9669
48371,14712
48373,54258
48375,114649
48377,5686
48379,13306
48381,150547
48383,3139
48385,2772
48387,11696
48389,11956
48391,6739
48393,837
48395,17659
48397,137044
48399,9751
48401,53391
48403,10058
48405,7767
48407,29326
48409,71467
48411,5508
48413,2302
48415,16211
48417,3169
48419,24192
48421,2771
48423,249091
48425,10098
48427,66587
48429,9475
48431,1387
48433,1235
48435,3269
48437,6877
48439,2230708
48441,148813
48443,718
48445,11602
48447,1532
48449,31547
48451,120103
48453,1363767
48455,14489
48457,20560
48459,44050
48461,3128
48463,25138
48465,47999
48467,65304
48469,91949
48471,83722
48473,65109
48475,11038
48477,37810
48479,272823
48481,42035
48483,4824
48485,129984
48487,12455
48489,20027
48491,727480
48493,55415
48495,7381
48497,81275
48499,48742
48501,7581
48503,18236
48505,13819
48507,9209
49001,7424
49003,64120
49005,145487
49007,20613
49009,956
49011,378470
49013,20803
49015,10161
49017,5290
49019,9788
49021,65936
49023,13297
49025,8525
49027,13572
49029,13093
49031,1534
49033,2752
49035,1216274
49037,14601
49039,30732
49041,22520
49043,43109
49045,84488
49047,38307
49049,747234
49051,37858
49053,207943
49055,2608
49057,276118
50001,38047
50003,37039
50005,30535
50007,170851
50009,6037
50011,51066
50013,7528
50015,26248
50017,30050
50019,27726
50021,60198
50023,59844
50025,45627
50027,57697
51001,33411
51003,117313
51005,14632
51007,13716
51009,31650
51011,16957
51013,239807
51015,78622
51017,4071
51019,82182
51021,6186
51023,34129
51025,15750
51027,18632
51029,17115
51031,55342
51033,33477
51035,29242
51036,6564
51037,11258
51041,389793
51043,15598
51045,4829
51047,56125
51049,10062
51051,13411
51053,28576
51057,10683
51059,1160925
51061,75865
51063,15658
51065,28746
51067,55637
51069,98109
51071,16533
51073,40154
51075,28223
51077,15265
51079,21744
51081,11150
51083,33448
51085,115309
51087,338696
51089,49385
51091,2348
51093,40942
51095,82797
51097,6747
51099,28816
51101,19232
51103,11062
51105,21780
51107,443380
51109,42109
51111,12060
51113,14252
51115,8602
51117,30824
51119,10949
51121,98998
51125,14766
51127,27218
51131,12004
51133,12397
51135,15632
51137,38986
51139,23686
51141,17308
51143,59410
51145,32392
51147,22276
51149,43589
51153,497003
51155,33579
51157,7479
51159,9215
51161,97334
51163,22368
51165,87674
51167,25420
51169,21388
51171,45441
51173,29137
51175,17941
51177,152021
51179,168919
51181,6579
51183,10753
51185,38875
51187,42461
51191,54098
51193,19235
51195,34973
51197,28100
51199,71410
51510,159102
51520,16316
51530,6581
51540,44767
51550,254997
51570,18674
51580,5663
51590,41993
51595,5402
51600,26340
51610,15034
51620,8373
51630,29992
51640,6739
51650,137596
51660,51164
51670,22970
51678,7802
51680,80301
51683,43616
51685,16611
51690,13834
51700,183056
51710,231105
51720,3478
51730,34058
51735,12854
51740,96482
51750,17273
51760,233655
51770,97912
51775,25908
51790,26361
51800,103105
51810,454808
51820,23498
51830,16030
51840,27800
53001,21039
53003,22523
53005,218190
53007,81228
53009,77958
53011,527269
53013,4025
53015,113982
53017,45795
53019,7543
53021,101238
53023,2404
53025,104717
53027,77893
53029,86478
53031,33944
53033,2340211
53035,281420
53037,48172
53039,24124
53041,87049
53043,11862
53045,69632
53047,44942
53049,24245
53051,14332
53053,941170
53055,18668
53057,132736
53059,12660
53061,864113
53063,555947
53065,49015
53067,302912
53069,4800
53071,62068
53073,234954
53075,48399
53077,258523
54001,15369
54003,136287
54005,20496
54007,12051
54009,21285
54011,91489
54013,5873
54015,7689
54017,7615
54019,38600
54021,7116
54023,10971
54025,31851
54027,23793
54029,28054
54031,14335
54033,64472
54035,27718
54037,61264
54039,173906
54041,16477
54043,19377
54045,30560
54047,17147
54049,55649
54051,29354
54053,24770
54055,57524
54057,26778
54059,21712
54061,108697
54063,12462
54065,17780
54067,24017
54069,41090
54071,5944
54073,7358
54075,7653
54077,34055
54079,57067
54081,72379
54083,27190
54085,8170
54087,13540
54089,11544
54091,16438
54093,6573
54095,7843
54097,23650
54099,37589
54101,7947
54103,13766
54105,4924
54107,82757
54109,19964
55001,21352
55003,16196
55005,46810
55007,16838
55009,273909
55011,13464
55013,17187
55015,53602
55017,67323
55019,34801
55021,58113
55023,16008
55025,588347
55027,88635
55029,30512
55031,44276
55033,46135
55035,108830
55037,4673
55039,104269
55041,9506
55043,52330
55045,37183
55047,19370
55049,23963
55051,6235
55053,21027
55055,86245
55057,26590
55059,168754
55061,20751
55063,121060
55065,17306
55067,19535
55069,28461
55071,81513
55073,139091
55075,42343
55077,15743
55078,4286
55079,924740
55081,46370
55083,40037
55085,38175
55087,195390
55089,93956
55091,7555
55093,43380
55095,45831
55097,72040
55099,14087
55101,198651
55103,17123
55105,165461
55107,14168
55109,97954
55111,66486
55113,18835
55115,41299
55117,118331
55119,20167
55121,30801
55123,31351
55125,23948
55127,106029
55129,16982
55131,138727
55133,417029
55135,51171
55137,25079
55139,173307
55141,73943
56001,39288
56003,12084
56005,47946
56007,14250
56009,13766
56011,7775
56013,39721
56015,12635
56017,4625
56019,8803
56021,101783
56023,21000
56025,80410
56027,2301
56029,31082
56031,8512
56033,32978
56035,8965
56037,41273
56039,23272
56041,20621
56043,7662
56045,6866
